# hsearch bench, Cortex-M85, I+D cache on, keys 4-19 chars
# columns: R,impl,op,n,total_cycles,ops,peak_alloc_bytes
R,llvm,insert,16,13882,16,336
R,llvm,find_hit,16,14135,16,0
R,llvm,find_miss,16,12593,16,0
R,llvm,insert_grow,16,35818,16,528
R,llvm+grp8,insert,16,13947,16,336
R,llvm+grp8,find_hit,16,14270,16,0
R,llvm+grp8,find_miss,16,12702,16,0
R,llvm+grp8,insert_grow,16,36189,16,528
R,llvm+mveGroup,insert,16,13854,16,344
R,llvm+mveGroup,find_hit,16,14122,16,0
R,llvm+mveGroup,find_miss,16,12747,16,0
R,llvm+mveGroup,insert_grow,16,27265,16,544
R,fnv1a/grp4,insert,16,4017,16,304
R,fnv1a/grp4,find_hit,16,4557,16,0
R,fnv1a/grp4,find_miss,16,3100,16,0
R,fnv1a/grp4,insert_grow,16,9715,16,464
R,fnv1a/grp8,insert,16,4269,16,312
R,fnv1a/grp8,find_hit,16,4624,16,0
R,fnv1a/grp8,find_miss,16,3238,16,0
R,fnv1a/grp8,insert_grow,16,10377,16,480
R,fnv1a/grp16mve,insert,16,4125,16,320
R,fnv1a/grp16mve,find_hit,16,4373,16,0
R,fnv1a/grp16mve,find_miss,16,3202,16,0
R,fnv1a/grp16mve,insert_grow,16,7928,16,496
R,llvm,insert,64,51695,64,1200
R,llvm,find_hit,64,53323,64,0
R,llvm,find_miss,64,48435,64,0
R,llvm,insert_grow,64,142229,64,1824
R,llvm+grp8,insert,64,52294,64,1200
R,llvm+grp8,find_hit,64,53496,64,0
R,llvm+grp8,find_miss,64,48964,64,0
R,llvm+grp8,insert_grow,64,143067,64,1824
R,llvm+mveGroup,insert,64,51762,64,1208
R,llvm+mveGroup,find_hit,64,52855,64,0
R,llvm+mveGroup,find_miss,64,48646,64,0
R,llvm+mveGroup,insert_grow,64,134864,64,1840
R,fnv1a/grp4,insert,64,15018,64,1168
R,fnv1a/grp4,find_hit,64,16914,64,0
R,fnv1a/grp4,find_miss,64,11973,64,0
R,fnv1a/grp4,insert_grow,64,39807,64,1760
R,fnv1a/grp8,insert,64,15963,64,1176
R,fnv1a/grp8,find_hit,64,17175,64,0
R,fnv1a/grp8,find_miss,64,12741,64,0
R,fnv1a/grp8,insert_grow,64,40765,64,1776
R,fnv1a/grp16mve,insert,64,15697,64,1184
R,fnv1a/grp16mve,find_hit,64,16343,64,0
R,fnv1a/grp16mve,find_miss,64,12061,64,0
R,fnv1a/grp16mve,insert_grow,64,35664,64,1792
R,llvm,insert,256,206570,256,4656
R,llvm,find_hit,256,213813,256,0
R,llvm,find_miss,256,195294,256,0
R,llvm,insert_grow,256,563677,256,7008
R,llvm+grp8,insert,256,210146,256,4656
R,llvm+grp8,find_hit,256,214482,256,0
R,llvm+grp8,find_miss,256,197884,256,0
R,llvm+grp8,insert_grow,256,568206,256,7008
R,llvm+mveGroup,insert,256,208193,256,4664
R,llvm+mveGroup,find_hit,256,212177,256,0
R,llvm+mveGroup,find_miss,256,196338,256,0
R,llvm+mveGroup,insert_grow,256,558134,256,7024
R,fnv1a/grp4,insert,256,60852,256,4624
R,fnv1a/grp4,find_hit,256,67773,256,0
R,fnv1a/grp4,find_miss,256,49360,256,0
R,fnv1a/grp4,insert_grow,256,155023,256,6944
R,fnv1a/grp8,insert,256,64496,256,4632
R,fnv1a/grp8,find_hit,256,68579,256,0
R,fnv1a/grp8,find_miss,256,52179,256,0
R,fnv1a/grp8,insert_grow,256,161720,256,6960
R,fnv1a/grp16mve,insert,256,63135,256,4640
R,fnv1a/grp16mve,find_hit,256,65030,256,0
R,fnv1a/grp16mve,find_miss,256,50768,256,0
R,fnv1a/grp16mve,insert_grow,256,158152,256,6976
R,llvm,insert,1024,826421,1024,18480
R,llvm,find_hit,1024,858165,1024,0
R,llvm,find_miss,1024,776333,1024,0
R,llvm,insert_grow,1024,2235136,1024,27744
R,llvm+grp8,insert,1024,841349,1024,18480
R,llvm+grp8,find_hit,1024,861964,1024,0
R,llvm+grp8,find_miss,1024,786182,1024,0
R,llvm+grp8,insert_grow,1024,2264432,1024,27744
R,llvm+mveGroup,insert,1024,837103,1024,18488
R,llvm+mveGroup,find_hit,1024,853047,1024,0
R,llvm+mveGroup,find_miss,1024,781677,1024,0
R,llvm+mveGroup,insert_grow,1024,2237335,1024,27760
R,fnv1a/grp4,insert,1024,252194,1024,18448
R,fnv1a/grp4,find_hit,1024,281878,1024,0
R,fnv1a/grp4,find_miss,1024,201431,1024,0
R,fnv1a/grp4,insert_grow,1024,637556,1024,27680
R,fnv1a/grp8,insert,1024,267014,1024,18456
R,fnv1a/grp8,find_hit,1024,285004,1024,0
R,fnv1a/grp8,find_miss,1024,213696,1024,0
R,fnv1a/grp8,insert_grow,1024,664562,1024,27696
R,fnv1a/grp16mve,insert,1024,262054,1024,18464
R,fnv1a/grp16mve,find_hit,1024,270282,1024,0
R,fnv1a/grp16mve,find_miss,1024,207301,1024,0
R,fnv1a/grp16mve,insert_grow,1024,656598,1024,27712
R,llvm,insert,4096,3330527,4096,73776
R,llvm,find_hit,4096,3462010,4096,0
R,llvm,find_miss,4096,3141339,4096,0
R,llvm,insert_grow,4096,8954629,4096,110688
R,llvm+grp8,insert,4096,3387424,4096,73776
R,llvm+grp8,find_hit,4096,3477544,4096,0
R,llvm+grp8,find_miss,4096,3182659,4096,0
R,llvm+grp8,insert_grow,4096,9057600,4096,110688
R,llvm+mveGroup,insert,4096,3377202,4096,73784
R,llvm+mveGroup,find_hit,4096,3449466,4096,0
R,llvm+mveGroup,find_miss,4096,3169560,4096,0
R,llvm+mveGroup,insert_grow,4096,8945416,4096,110704
R,fnv1a/grp4,insert,4096,1039064,4096,73744
R,fnv1a/grp4,find_hit,4096,1164875,4096,0
R,fnv1a/grp4,find_miss,4096,844357,4096,0
R,fnv1a/grp4,insert_grow,4096,2597011,4096,110624
R,fnv1a/grp8,insert,4096,1100572,4096,73752
R,fnv1a/grp8,find_hit,4096,1178531,4096,0
R,fnv1a/grp8,find_miss,4096,893103,4096,0
R,fnv1a/grp8,insert_grow,4096,2710012,4096,110640
R,fnv1a/grp16mve,insert,4096,1085523,4096,73760
R,fnv1a/grp16mve,find_hit,4096,1124216,4096,0
R,fnv1a/grp16mve,find_miss,4096,872898,4096,0
R,fnv1a/grp16mve,insert_grow,4096,2680681,4096,110656
R,llvm,insert@7/8,14,11943,14,192
R,llvm,find_hit@7/8,14,12301,14,0
R,llvm,find_miss@7/8,14,11447,14,0
R,llvm+grp8,insert@7/8,14,12193,14,192
R,llvm+grp8,find_hit@7/8,14,12398,14,0
R,llvm+grp8,find_miss@7/8,14,11471,14,0
R,llvm+mveGroup,insert@7/8,14,12038,14,200
R,llvm+mveGroup,find_hit@7/8,14,12177,14,0
R,llvm+mveGroup,find_miss@7/8,14,11315,14,0
R,fnv1a/grp4,insert@7/8,14,3497,14,160
R,fnv1a/grp4,find_hit@7/8,14,3997,14,0
R,fnv1a/grp4,find_miss@7/8,14,3104,14,0
R,fnv1a/grp8,insert@7/8,14,3662,14,168
R,fnv1a/grp8,find_hit@7/8,14,4061,14,0
R,fnv1a/grp8,find_miss@7/8,14,3169,14,0
R,fnv1a/grp16mve,insert@7/8,14,3739,14,176
R,fnv1a/grp16mve,find_hit@7/8,14,3851,14,0
R,fnv1a/grp16mve,find_miss@7/8,14,2983,14,0
R,llvm,insert@7/8,56,45537,56,624
R,llvm,find_hit@7/8,56,47131,56,0
R,llvm,find_miss@7/8,56,44779,56,0
R,llvm+grp8,insert@7/8,56,46187,56,624
R,llvm+grp8,find_hit@7/8,56,47222,56,0
R,llvm+grp8,find_miss@7/8,56,44598,56,0
R,llvm+mveGroup,insert@7/8,56,45774,56,632
R,llvm+mveGroup,find_hit@7/8,56,46708,56,0
R,llvm+mveGroup,find_miss@7/8,56,43804,56,0
R,fnv1a/grp4,insert@7/8,56,13743,56,592
R,fnv1a/grp4,find_hit@7/8,56,15224,56,0
R,fnv1a/grp4,find_miss@7/8,56,11959,56,0
R,fnv1a/grp8,insert@7/8,56,14400,56,600
R,fnv1a/grp8,find_hit@7/8,56,15178,56,0
R,fnv1a/grp8,find_miss@7/8,56,12351,56,0
R,fnv1a/grp16mve,insert@7/8,56,14139,56,608
R,fnv1a/grp16mve,find_hit@7/8,56,14486,56,0
R,fnv1a/grp16mve,find_miss@7/8,56,11495,56,0
R,llvm,insert@7/8,224,182703,224,2352
R,llvm,find_hit@7/8,224,188642,224,0
R,llvm,find_miss@7/8,224,181490,224,0
R,llvm+grp8,insert@7/8,224,185052,224,2352
R,llvm+grp8,find_hit@7/8,224,188739,224,0
R,llvm+grp8,find_miss@7/8,224,181806,224,0
R,llvm+mveGroup,insert@7/8,224,183510,224,2360
R,llvm+mveGroup,find_hit@7/8,224,186364,224,0
R,llvm+mveGroup,find_miss@7/8,224,176660,224,0
R,fnv1a/grp4,insert@7/8,224,54636,224,2320
R,fnv1a/grp4,find_hit@7/8,224,60112,224,0
R,fnv1a/grp4,find_miss@7/8,224,51883,224,0
R,fnv1a/grp8,insert@7/8,224,57643,224,2328
R,fnv1a/grp8,find_hit@7/8,224,60634,224,0
R,fnv1a/grp8,find_miss@7/8,224,55105,224,0
R,fnv1a/grp16mve,insert@7/8,224,55909,224,2336
R,fnv1a/grp16mve,find_hit@7/8,224,56973,224,0
R,fnv1a/grp16mve,find_miss@7/8,224,50247,224,0
R,llvm,insert@7/8,896,725500,896,9264
R,llvm,find_hit@7/8,896,753333,896,0
R,llvm,find_miss@7/8,896,711452,896,0
R,llvm+grp8,insert@7/8,896,735639,896,9264
R,llvm+grp8,find_hit@7/8,896,754690,896,0
R,llvm+grp8,find_miss@7/8,896,717107,896,0
R,llvm+mveGroup,insert@7/8,896,730093,896,9272
R,llvm+mveGroup,find_hit@7/8,896,745084,896,0
R,llvm+mveGroup,find_miss@7/8,896,694954,896,0
R,fnv1a/grp4,insert@7/8,896,222949,896,9232
R,fnv1a/grp4,find_hit@7/8,896,249409,896,0
R,fnv1a/grp4,find_miss@7/8,896,207097,896,0
R,fnv1a/grp8,insert@7/8,896,234924,896,9240
R,fnv1a/grp8,find_hit@7/8,896,250626,896,0
R,fnv1a/grp8,find_miss@7/8,896,215478,896,0
R,fnv1a/grp16mve,insert@7/8,896,228274,896,9248
R,fnv1a/grp16mve,find_hit@7/8,896,235482,896,0
R,fnv1a/grp16mve,find_miss@7/8,896,195512,896,0
R,llvm,insert@7/8,3584,2924217,3584,36912
R,llvm,find_hit@7/8,3584,3043393,3584,0
R,llvm,find_miss@7/8,3584,2908195,3584,0
R,llvm+grp8,insert@7/8,3584,2969166,3584,36912
R,llvm+grp8,find_hit@7/8,3584,3051078,3584,0
R,llvm+grp8,find_miss@7/8,3584,2942294,3584,0
R,llvm+mveGroup,insert@7/8,3584,2950571,3584,36920
R,llvm+mveGroup,find_hit@7/8,3584,3016606,3584,0
R,llvm+mveGroup,find_miss@7/8,3584,2851905,3584,0
R,fnv1a/grp4,insert@7/8,3584,918881,3584,36880
R,fnv1a/grp4,find_hit@7/8,3584,1032154,3584,0
R,fnv1a/grp4,find_miss@7/8,3584,881149,3584,0
R,fnv1a/grp8,insert@7/8,3584,969456,3584,36888
R,fnv1a/grp8,find_hit@7/8,3584,1041242,3584,0
R,fnv1a/grp8,find_miss@7/8,3584,912322,3584,0
R,fnv1a/grp16mve,insert@7/8,3584,943894,3584,36896
R,fnv1a/grp16mve,find_hit@7/8,3584,982798,3584,0
R,fnv1a/grp16mve,find_miss@7/8,3584,840915,3584,0
R,llvm,hash_only,1024,714680,1024,0
R,fnv1a/grp4,hash_only,1024,135965,1024,0
# fails=0
END
